<?xml version="1.0" encoding="UTF-8"?>
<rss version="2.0" xmlns:atom="http://www.w3.org/2005/Atom">
  <channel>
    <title>Lei Yang</title>
    <description>Drink 23 cups of water a day. Keep running is tired, but makes good shape. A Java Programmer, Blog writer and App learner.</description>
    <link>http://www.leiyangblog.com/</link>
    <atom:link href="http://www.leiyangblog.com/feed.xml" rel="self" type="application/rss+xml"/>
    <pubDate>Sun, 23 Apr 2017 22:18:14 -0400</pubDate>
    <lastBuildDate>Sun, 23 Apr 2017 22:18:14 -0400</lastBuildDate>
    <generator>Jekyll v3.2.1</generator>
    
      <item>
        <title>JAX-RS Jerseys WebService Servlet</title>
        <description>&lt;h3 id=&quot;introduction&quot;&gt;Introduction&lt;/h3&gt;
&lt;p&gt;Recently I am developing an Android application, which needs to write a
servlet.
I choose to use Restful WebService as the approach. I used tomcat as
the server, mysql as database. And Jerseys as the webservice
implementation framework.&lt;/p&gt;

&lt;p&gt;I have introduced the environment setup in the &lt;a href=&quot;http://www.leiyangblog.com/2017/04/21/Jersey-WebService-Eclipse-Environment-setup/&quot;&gt;last post&lt;/a&gt;, this time
I am going to introduce how to use Jerseys APIs.&lt;/p&gt;

&lt;h3 id=&quot;why-restful-web-service&quot;&gt;Why Restful Web Service&lt;/h3&gt;

&lt;p&gt;The most significant benefit of REST architecture is easy data extract.
Imagine different data type, html, string, xml, json…… It’s so
messy. With REST Architecture, everyone use json, it makes communication
easier!&lt;/p&gt;

&lt;p&gt;The reason why web service is because its lightweight and portability.
Now we can access all the data using URL through http request, and get
json object back, which is easy to read! Clients don’t need get tired of
match the server code. E.g. Server is in C, we can write client in Java,
in Python, in Perl, in anything can send http request and receive
respond. And the client’s data accessing part become extremely easy!&lt;/p&gt;

&lt;h3 id=&quot;web-service-based-on-jerseys-framework&quot;&gt;Web Service based on Jerseys Framework&lt;/h3&gt;
&lt;p&gt;Here is the project overview&lt;/p&gt;

&lt;p&gt;&lt;img src=&quot;/assets/Jerseys/jerseys_project_overview.png&quot; alt=&quot;overview&quot; /&gt;&lt;/p&gt;

&lt;p&gt;Let’s break the problem from analyzing the request URL
&lt;code class=&quot;highlighter-rouge&quot;&gt;
e.g. localhost:8080/ProjectName/url-pattern/path1/path2
&lt;/code&gt;&lt;/p&gt;

&lt;p&gt;ProjectName is the project name&lt;/p&gt;

&lt;p&gt;url-pattern is defined in web.xml&lt;/p&gt;

&lt;p&gt;path1 is usually the class path defined in the top of class&lt;/p&gt;

&lt;p&gt;path2 is usually the method path defined in the top of the method&lt;/p&gt;

&lt;p&gt;In a real example,&lt;/p&gt;

&lt;div class=&quot;highlighter-rouge&quot;&gt;&lt;pre class=&quot;highlight&quot;&gt;&lt;code&gt;e.g. localhost:8080/DoMeAFavorServer/rest/user/getUser
&lt;/code&gt;&lt;/pre&gt;
&lt;/div&gt;

&lt;p&gt;The project name is DoMeAFavorServer&lt;/p&gt;

&lt;p&gt;rest is defined in web.xml&lt;/p&gt;

&lt;div class=&quot;language-xml highlighter-rouge&quot;&gt;&lt;pre class=&quot;highlight&quot;&gt;&lt;code&gt;    &lt;span class=&quot;nt&quot;&gt;&amp;lt;servlet-mapping&amp;gt;&lt;/span&gt;
        &lt;span class=&quot;nt&quot;&gt;&amp;lt;servlet-name&amp;gt;&lt;/span&gt;jersey&lt;span class=&quot;nt&quot;&gt;&amp;lt;/servlet-name&amp;gt;&lt;/span&gt;
        &lt;span class=&quot;nt&quot;&gt;&amp;lt;url-pattern&amp;gt;&lt;/span&gt;/rest/*&lt;span class=&quot;nt&quot;&gt;&amp;lt;/url-pattern&amp;gt;&lt;/span&gt;
    &lt;span class=&quot;nt&quot;&gt;&amp;lt;/servlet-mapping&amp;gt;&lt;/span&gt;
&lt;/code&gt;&lt;/pre&gt;
&lt;/div&gt;

&lt;p&gt;user is defined in the top of UserService Class&lt;/p&gt;

&lt;pre&gt;&lt;code class=&quot;language-Java&quot;&gt;@Path(&quot;/user&quot;)
public class UserService {
...
&lt;/code&gt;&lt;/pre&gt;

&lt;p&gt;getUser is defined at the top of the getUser method&lt;/p&gt;

&lt;pre&gt;&lt;code class=&quot;language-Java&quot;&gt;    @GET
    @Path(&quot;/getUser&quot;)
    @Produces(MediaType.APPLICATION_JSON)
    public String getUser() throws Exception
&lt;/code&gt;&lt;/pre&gt;

&lt;h3 id=&quot;things-need-to-take-care&quot;&gt;Things need to take care&lt;/h3&gt;

&lt;p&gt;The web.xml file is pretty different based on different Jersey Version,
If you use Jersey-bundle-1.1.17.jar as me, then just copy paste the
following code to the web.xml, remember to change the display name, and
no underscore for the display name&lt;/p&gt;

&lt;div class=&quot;language-xml highlighter-rouge&quot;&gt;&lt;pre class=&quot;highlight&quot;&gt;&lt;code&gt;&lt;span class=&quot;cp&quot;&gt;&amp;lt;?xml version=&quot;1.0&quot; encoding=&quot;UTF-8&quot;?&amp;gt;&lt;/span&gt;
&lt;span class=&quot;nt&quot;&gt;&amp;lt;web-app&lt;/span&gt; &lt;span class=&quot;na&quot;&gt;xmlns:xsi=&lt;/span&gt;&lt;span class=&quot;s&quot;&gt;&quot;http://www.w3.org/2001/XMLSchema-instance&quot;&lt;/span&gt;
    &lt;span class=&quot;na&quot;&gt;xmlns=&lt;/span&gt;&lt;span class=&quot;s&quot;&gt;&quot;http://java.sun.com/xml/ns/javaee&quot;&lt;/span&gt;
&lt;span class=&quot;na&quot;&gt;xmlns:web=&lt;/span&gt;&lt;span class=&quot;s&quot;&gt;&quot;http://java.sun.com/xml/ns/javaee/web-app_2_5.xsd&quot;&lt;/span&gt;
    &lt;span class=&quot;na&quot;&gt;xsi:schemaLocation=&lt;/span&gt;&lt;span class=&quot;s&quot;&gt;&quot;http://java.sun.com/xml/ns/javaee&lt;/span&gt;
&lt;span class=&quot;err&quot;&gt;http://java.sun.com/xml/ns/javaee/web-app_3_0.xsd&quot;&lt;/span&gt;
    &lt;span class=&quot;na&quot;&gt;id=&lt;/span&gt;&lt;span class=&quot;s&quot;&gt;&quot;WebApp_ID&quot;&lt;/span&gt; &lt;span class=&quot;na&quot;&gt;version=&lt;/span&gt;&lt;span class=&quot;s&quot;&gt;&quot;3.0&quot;&lt;/span&gt;&lt;span class=&quot;nt&quot;&gt;&amp;gt;&lt;/span&gt;
    &lt;span class=&quot;nt&quot;&gt;&amp;lt;display-name&amp;gt;&lt;/span&gt;DoMeAFavorServer&lt;span class=&quot;nt&quot;&gt;&amp;lt;/display-name&amp;gt;&lt;/span&gt;
    &lt;span class=&quot;nt&quot;&gt;&amp;lt;servlet&amp;gt;&lt;/span&gt;
        &lt;span class=&quot;nt&quot;&gt;&amp;lt;servlet-name&amp;gt;&lt;/span&gt;jersey&lt;span class=&quot;nt&quot;&gt;&amp;lt;/servlet-name&amp;gt;&lt;/span&gt;
        &lt;span class=&quot;nt&quot;&gt;&amp;lt;servlet-class&amp;gt;&lt;/span&gt;com.sun.jersey.spi.container.servlet.ServletContainer&lt;span class=&quot;nt&quot;&gt;&amp;lt;/servlet-class&amp;gt;&lt;/span&gt;
        &lt;span class=&quot;nt&quot;&gt;&amp;lt;load-on-startup&amp;gt;&lt;/span&gt;1&lt;span class=&quot;nt&quot;&gt;&amp;lt;/load-on-startup&amp;gt;&lt;/span&gt;
    &lt;span class=&quot;nt&quot;&gt;&amp;lt;/servlet&amp;gt;&lt;/span&gt;

    &lt;span class=&quot;nt&quot;&gt;&amp;lt;servlet-mapping&amp;gt;&lt;/span&gt;
        &lt;span class=&quot;nt&quot;&gt;&amp;lt;servlet-name&amp;gt;&lt;/span&gt;jersey&lt;span class=&quot;nt&quot;&gt;&amp;lt;/servlet-name&amp;gt;&lt;/span&gt;
        &lt;span class=&quot;nt&quot;&gt;&amp;lt;url-pattern&amp;gt;&lt;/span&gt;/rest/*&lt;span class=&quot;nt&quot;&gt;&amp;lt;/url-pattern&amp;gt;&lt;/span&gt;
    &lt;span class=&quot;nt&quot;&gt;&amp;lt;/servlet-mapping&amp;gt;&lt;/span&gt;
&lt;span class=&quot;nt&quot;&gt;&amp;lt;/web-app&amp;gt;&lt;/span&gt;
&lt;/code&gt;&lt;/pre&gt;
&lt;/div&gt;

&lt;p&gt;Refer the &lt;a href=&quot;https://github.com/Ray-Young/DoMeAFavor&quot;&gt;sample project&lt;/a&gt; for reference!&lt;/p&gt;

</description>
        <pubDate>Sun, 23 Apr 2017 00:00:00 -0400</pubDate>
        <link>http://www.leiyangblog.com/2017/04/23/JAX-RS-Jerseys-Server-WebService/</link>
        <guid isPermaLink="true">http://www.leiyangblog.com/2017/04/23/JAX-RS-Jerseys-Server-WebService/</guid>
        
        <category>JAX-RS</category>
        
        <category>WebService</category>
        
        
      </item>
    
      <item>
        <title>JAX-RS Jerseys Eclipse Environment Setup</title>
        <description>&lt;h3 id=&quot;eclipse-web-application-extensions&quot;&gt;Eclipse web application extensions&lt;/h3&gt;

&lt;p&gt;Install the dynamic web application extensions and Server Adapters&lt;/p&gt;

&lt;ol&gt;
  &lt;li&gt;Help -&amp;gt; Install New Software&lt;/li&gt;
  &lt;li&gt;Type in the current edition of eclipse, e.g. neon, then it will
auto-completition, choose http://download.eclipse.org/releases/neon&lt;/li&gt;
  &lt;li&gt;Select the following&lt;/li&gt;
&lt;/ol&gt;

&lt;pre&gt;&lt;code class=&quot;language-code&quot;&gt;JST Server Adapters
JST Server Adapters Extentions
Eclipse Java EE Developer Tools
Eclipse Java Web Developer Tools
Eclipse Web Developer Tools
Eclipse XML Editors and Tools
&lt;/code&gt;&lt;/pre&gt;

&lt;h3 id=&quot;download-jax-rs-jerseys-jars&quot;&gt;Download JAX-RS Jerseys jars&lt;/h3&gt;

&lt;p&gt;I used Jerseys jersey-bundle-1.17.1, bundle is much more easier in the
environment setup. Remember to add asm.jar for the Jersey Path search&lt;/p&gt;

&lt;p&gt;Jars:&lt;/p&gt;

&lt;pre&gt;&lt;code class=&quot;language-code&quot;&gt;jersey-bundle-1.17.1.jar
asm-3.1.jar
&lt;/code&gt;&lt;/pre&gt;

&lt;p&gt;Put these jars into WebContent/WEB-INF-lib&lt;/p&gt;

&lt;p&gt;The environment is completed then. Enjoy your programming now !&lt;/p&gt;

&lt;p&gt;A &lt;a href=&quot;https://github.com/Ray-Young/DoMeAFavor&quot;&gt;reference project&lt;/a&gt; you can refer.&lt;/p&gt;

</description>
        <pubDate>Fri, 21 Apr 2017 00:00:00 -0400</pubDate>
        <link>http://www.leiyangblog.com/2017/04/21/Jersey-WebService-Eclipse-Environment-setup/</link>
        <guid isPermaLink="true">http://www.leiyangblog.com/2017/04/21/Jersey-WebService-Eclipse-Environment-setup/</guid>
        
        <category>WebService</category>
        
        <category>JAX-RS</category>
        
        
      </item>
    
      <item>
        <title>Andoird Screen Rotation</title>
        <description>&lt;h3 id=&quot;introduction&quot;&gt;Introduction&lt;/h3&gt;
&lt;p&gt;Basically (If we do not add any code), if we rotate the screen, the
previous activity will be automatically destroyed and the system will
adjust the screen automatically.&lt;/p&gt;

&lt;p&gt;Of course, we want do more. Then we have this blog.&lt;/p&gt;

&lt;p&gt;It will introduce you how to build another layout for landscape (or
portrait), how to tell the code not to destroy the previous activity,
and how to specify what to do after rotation.&lt;/p&gt;

&lt;p&gt;Here we discuss onConfigChange&lt;/p&gt;

&lt;h3 id=&quot;add-landscape-view&quot;&gt;Add landscape view&lt;/h3&gt;
&lt;p&gt;First, switch the view scope to project, just like the following photo&lt;/p&gt;

&lt;p&gt;&lt;img src=&quot;/assets/android_screen_rotation/1.png&quot; alt=&quot;view_scope&quot; /&gt;&lt;/p&gt;

&lt;p&gt;Then right click res-&amp;gt;Andoird Resource Directory, and config following
this&lt;/p&gt;

&lt;p&gt;&lt;img src=&quot;/assets/android_screen_rotation/2.png&quot; alt=&quot;landscape_config&quot; /&gt;&lt;/p&gt;

&lt;p&gt;Change Resource type to layout, select orientation and choose screen
orientation to landscape.&lt;/p&gt;

&lt;p&gt;Now we have a new folder layout-land and just copy the layout in
portrait to this folder, make adjustment for the layout you like.&lt;/p&gt;

&lt;p&gt;Next step is change the code and let it know you would like to use
another layout when change orientation.&lt;/p&gt;

&lt;h3 id=&quot;specify-what-to-do-after-rotation&quot;&gt;Specify what to do after rotation&lt;/h3&gt;
&lt;p&gt;Add the following code to the activity you want to make rotation&lt;/p&gt;

&lt;pre&gt;&lt;code class=&quot;language-Java&quot;&gt;    @Override
    public void onConfigurationChanged(Configuration newConfig) {
        super.onConfigurationChanged(newConfig);
        setContentView(R.layout.activity_main);

        // TODO

    }
&lt;/code&gt;&lt;/pre&gt;

&lt;p&gt;It tells system that you want to use the corresponding layout after
config change (which is orientation change in the case)&lt;/p&gt;

&lt;p&gt;Add what you want to do in the TODO part, Now when you rotate the
screen, system won’t call onCreate, but call onConfigurationChanged&lt;/p&gt;

&lt;h3 id=&quot;update-manifest&quot;&gt;Update Manifest&lt;/h3&gt;
&lt;p&gt;Add the following code to activity tag&lt;/p&gt;

&lt;div class=&quot;language-xml highlighter-rouge&quot;&gt;&lt;pre class=&quot;highlight&quot;&gt;&lt;code&gt;android:configChanges=&quot;orientation|screenSize&quot;
&lt;/code&gt;&lt;/pre&gt;
&lt;/div&gt;

&lt;p&gt;It works with onConfigurationChanged, which tells system do not destroy
the original activity after the configuration change.&lt;/p&gt;

&lt;h3 id=&quot;save-instance&quot;&gt;Save instance&lt;/h3&gt;
&lt;p&gt;There are many ways to save data, class member or savedInstance are
common ways, I used class member here. But for professional, I recommend
you use savedInstanceState, which is the build in API for Android.&lt;/p&gt;

&lt;h3 id=&quot;summary&quot;&gt;Summary&lt;/h3&gt;
&lt;p&gt;This is one way to rotate the screen and update the corresponding code
and layout in Android. Again there are many ways to realize the aim, so
take your own choice. I upload my sample project on
&lt;a href=&quot;https://github.com/Ray-Young/Android/tree/master/HangmanGame&quot;&gt;github&lt;/a&gt;, just for your reference.&lt;/p&gt;

</description>
        <pubDate>Thu, 02 Mar 2017 00:00:00 -0500</pubDate>
        <link>http://www.leiyangblog.com/2017/03/02/Android-Screen-Rotation/</link>
        <guid isPermaLink="true">http://www.leiyangblog.com/2017/03/02/Android-Screen-Rotation/</guid>
        
        <category>Android</category>
        
        
      </item>
    
      <item>
        <title>Android Layout Design and MultiThread</title>
        <description>&lt;h3 id=&quot;introduction&quot;&gt;Introduction&lt;/h3&gt;
&lt;p&gt;Recently I am studying Android again, so many amazing changes since 2
years ago, it’s worth stepping forward.&lt;/p&gt;

&lt;p&gt;This post will introduce how to define your own style, how to design
layout and how to use multiThread to update Activity components.&lt;/p&gt;

&lt;h3 id=&quot;define-your-own-style&quot;&gt;Define your own style&lt;/h3&gt;

&lt;p&gt;We can define our own style and use them to decorate our layout. To do
this, first go to the styles.xml, it locates at&lt;/p&gt;

&lt;pre&gt;&lt;code class=&quot;language-path&quot;&gt;/res/values/styles.xml
&lt;/code&gt;&lt;/pre&gt;

&lt;p&gt;Then we can start define our own style&lt;/p&gt;

&lt;div class=&quot;language-xml highlighter-rouge&quot;&gt;&lt;pre class=&quot;highlight&quot;&gt;&lt;code&gt;&lt;span class=&quot;nt&quot;&gt;&amp;lt;style&lt;/span&gt; &lt;span class=&quot;na&quot;&gt;name=&lt;/span&gt;&lt;span class=&quot;s&quot;&gt;&quot;TextStyle&quot;&lt;/span&gt; &lt;span class=&quot;na&quot;&gt;parent=&lt;/span&gt;&lt;span class=&quot;s&quot;&gt;&quot;@android:style/TextAppearance&quot;&lt;/span&gt;&lt;span class=&quot;nt&quot;&gt;&amp;gt;&lt;/span&gt;
        &lt;span class=&quot;nt&quot;&gt;&amp;lt;item&lt;/span&gt; &lt;span class=&quot;na&quot;&gt;name=&lt;/span&gt;&lt;span class=&quot;s&quot;&gt;&quot;android:layout_width&quot;&lt;/span&gt;&lt;span class=&quot;nt&quot;&gt;&amp;gt;&lt;/span&gt;wrap_content&lt;span class=&quot;nt&quot;&gt;&amp;lt;/item&amp;gt;&lt;/span&gt;
        &lt;span class=&quot;nt&quot;&gt;&amp;lt;item&lt;/span&gt; &lt;span class=&quot;na&quot;&gt;name=&lt;/span&gt;&lt;span class=&quot;s&quot;&gt;&quot;android:layout_height&quot;&lt;/span&gt;&lt;span class=&quot;nt&quot;&gt;&amp;gt;&lt;/span&gt;wrap_content&lt;span class=&quot;nt&quot;&gt;&amp;lt;/item&amp;gt;&lt;/span&gt;
        &lt;span class=&quot;nt&quot;&gt;&amp;lt;item&lt;/span&gt; &lt;span class=&quot;na&quot;&gt;name=&lt;/span&gt;&lt;span class=&quot;s&quot;&gt;&quot;android:layout_centerHorizontal&quot;&lt;/span&gt;&lt;span class=&quot;nt&quot;&gt;&amp;gt;&lt;/span&gt;true&lt;span class=&quot;nt&quot;&gt;&amp;lt;/item&amp;gt;&lt;/span&gt;
        &lt;span class=&quot;nt&quot;&gt;&amp;lt;item&lt;/span&gt; &lt;span class=&quot;na&quot;&gt;name=&lt;/span&gt;&lt;span class=&quot;s&quot;&gt;&quot;android:layout_centerVertical&quot;&lt;/span&gt;&lt;span class=&quot;nt&quot;&gt;&amp;gt;&lt;/span&gt;true&lt;span class=&quot;nt&quot;&gt;&amp;lt;/item&amp;gt;&lt;/span&gt;
&lt;span class=&quot;nt&quot;&gt;&amp;lt;/style&amp;gt;&lt;/span&gt;
&lt;/code&gt;&lt;/pre&gt;
&lt;/div&gt;

&lt;p&gt;Remember we have to inherit the parent
&lt;code class=&quot;highlighter-rouge&quot;&gt;xml
parent=&quot;@android:style/TextAppearance&quot;
&lt;/code&gt;
in the base class. The inheritance can be multi levels, you can start
the magic now!&lt;/p&gt;

&lt;h3 id=&quot;design-layout&quot;&gt;Design Layout&lt;/h3&gt;

&lt;p&gt;There are so many tags in android when starting layout design. Here I
will list some useful tags when design your own layout.&lt;/p&gt;

&lt;div class=&quot;language-xml highlighter-rouge&quot;&gt;&lt;pre class=&quot;highlight&quot;&gt;&lt;code&gt;align clusters
&lt;/code&gt;&lt;/pre&gt;
&lt;/div&gt;
&lt;p&gt;enables you to use the relative layout greatly, you can explore it by
yourself. For example,&lt;/p&gt;

&lt;div class=&quot;language-xml highlighter-rouge&quot;&gt;&lt;pre class=&quot;highlight&quot;&gt;&lt;code&gt;android:layout_alignBaselin
&lt;/code&gt;&lt;/pre&gt;
&lt;/div&gt;
&lt;p&gt;Make the target in the same line with the source&lt;/p&gt;

&lt;h3 id=&quot;multi-thread&quot;&gt;Multi Thread&lt;/h3&gt;
&lt;p&gt;When we want to refresh or update some components in the activity
periodically (at a corresponding fast and automatic way, we need to use
a thread to do this). Because activity is used as a thread, it cannot
handle to much work, use another thread to handle extra big works seems the
best way ( also applied when download or update picture)&lt;/p&gt;

&lt;pre&gt;&lt;code class=&quot;language-Java&quot;&gt;btnStart.setOnClickListener(new View.OnClickListener() {
    @Override
    public void onClick(View v) {
        Thread t = new Thread() {
            @Override
            public void run() {
                try {
                    while (!isInterrupted()) {
                        Thread.sleep(3000);
                        runOnUiThread(new Runnable() {
                            @Override
                            public void run() {
                                simulate(i);
                                i++;
                            }
                        });
                    }
                } catch (InterruptedException e) {
                    e.printStackTrace();
                }
            }
        };
        t.start();
    }
});
&lt;/code&gt;&lt;/pre&gt;

&lt;p&gt;Add the previous code in the onCreate which start a new Thread to do the extera hard work. Define what you want the system do in the run function.&lt;/p&gt;

&lt;p&gt;For complete code, you can refer &lt;a href=&quot;https://github.com/Ray-Young/Android_Study/tree/master/Lesson2&quot;&gt;my github&lt;/a&gt;.&lt;/p&gt;

</description>
        <pubDate>Mon, 06 Feb 2017 00:00:00 -0500</pubDate>
        <link>http://www.leiyangblog.com/2017/02/06/Android-Layout-Design-and-MultiThread/</link>
        <guid isPermaLink="true">http://www.leiyangblog.com/2017/02/06/Android-Layout-Design-and-MultiThread/</guid>
        
        <category>Android</category>
        
        
      </item>
    
      <item>
        <title>Set Git local/global config using CL/File</title>
        <description>&lt;h3 id=&quot;introduction&quot;&gt;Introduction&lt;/h3&gt;
&lt;p&gt;There are two ways to set git config, commandline and directy write in
git config file. The principle of two ways are similiar. Here introduce
how to do them.&lt;/p&gt;

&lt;h3 id=&quot;set-git-configuration-using-command-line&quot;&gt;Set Git configuration using command line&lt;/h3&gt;
&lt;p&gt;Sometimes we use git config to set configuration, like&lt;/p&gt;

&lt;div class=&quot;language-bash highlighter-rouge&quot;&gt;&lt;pre class=&quot;highlight&quot;&gt;&lt;code&gt;&lt;span class=&quot;c&quot;&gt;# map st as status&lt;/span&gt;
git config alias.st status
&lt;/code&gt;&lt;/pre&gt;
&lt;/div&gt;

&lt;p&gt;Sometimes we add –global option. It is obvious that first is local setting and the second is global setting.&lt;/p&gt;

&lt;h3 id=&quot;set-git-configuration-using-file&quot;&gt;Set Git configuration using file&lt;/h3&gt;

&lt;p&gt;We can also do it in git file. The local git config file is at&lt;/p&gt;

&lt;div class=&quot;language-bash highlighter-rouge&quot;&gt;&lt;pre class=&quot;highlight&quot;&gt;&lt;code&gt;./.git/config
&lt;/code&gt;&lt;/pre&gt;
&lt;/div&gt;

&lt;p&gt;The global git config file is at&lt;/p&gt;

&lt;div class=&quot;language-bash highlighter-rouge&quot;&gt;&lt;pre class=&quot;highlight&quot;&gt;&lt;code&gt;~/.gitconfig
&lt;/code&gt;&lt;/pre&gt;
&lt;/div&gt;

&lt;p&gt;Take an example, add the following text will update the alias setting&lt;/p&gt;

&lt;div class=&quot;language-bash highlighter-rouge&quot;&gt;&lt;pre class=&quot;highlight&quot;&gt;&lt;code&gt;&lt;span class=&quot;o&quot;&gt;[&lt;/span&gt;&lt;span class=&quot;nb&quot;&gt;alias&lt;/span&gt;&lt;span class=&quot;o&quot;&gt;]&lt;/span&gt;
    co &lt;span class=&quot;o&quot;&gt;=&lt;/span&gt; checkout
    ci &lt;span class=&quot;o&quot;&gt;=&lt;/span&gt; commit
    br &lt;span class=&quot;o&quot;&gt;=&lt;/span&gt; branch
    st &lt;span class=&quot;o&quot;&gt;=&lt;/span&gt; status
&lt;/code&gt;&lt;/pre&gt;
&lt;/div&gt;

</description>
        <pubDate>Mon, 23 Jan 2017 00:00:00 -0500</pubDate>
        <link>http://www.leiyangblog.com/2017/01/23/Git_global_configuration/</link>
        <guid isPermaLink="true">http://www.leiyangblog.com/2017/01/23/Git_global_configuration/</guid>
        
        <category>Git</category>
        
        
      </item>
    
      <item>
        <title>Build Powerline on OS Sierra</title>
        <description>&lt;h3 id=&quot;introduction&quot;&gt;Introduction&lt;/h3&gt;
&lt;p&gt;The new python 3.5 environment and OS Sierra seems have
 some tricks when configure the powerline configuration.
 Here are my solutions to some tricky problems. (Solve powerline-config
not found problem, etc.)&lt;/p&gt;

&lt;p&gt;The &lt;a href=&quot;https://powerline.readthedocs.io/en/latest/installation/osx.html&quot;&gt;official doc&lt;/a&gt; seems a bit complex. Here is a &lt;a href=&quot;http://www.jianshu.com/p/68ef9d2e1653&quot;&gt;short guide&lt;/a&gt; I
find useful when build the powerline. We only need the following steps.&lt;/p&gt;

&lt;h3 id=&quot;install-python-we-can-install-it-from-official-python-website-or-brew&quot;&gt;1. Install Python (We can install it from official python website, or Brew)&lt;/h3&gt;

&lt;p&gt;So many instructions online, just google python :)&lt;/p&gt;

&lt;h3 id=&quot;install-powerline-from-pip-or-we-can-install-it-from-git&quot;&gt;2. Install Powerline from pip (Or we can install it from git)&lt;/h3&gt;

&lt;div class=&quot;language-bash highlighter-rouge&quot;&gt;&lt;pre class=&quot;highlight&quot;&gt;&lt;code&gt;sudo pip install powerline-status
&lt;/code&gt;&lt;/pre&gt;
&lt;/div&gt;

&lt;h3 id=&quot;config-powerline-in-bashprofile&quot;&gt;3. Config Powerline in bash_profile&lt;/h3&gt;

&lt;p&gt;Go to home directory
&lt;code class=&quot;highlighter-rouge&quot;&gt;bash
cd ~
&lt;/code&gt;
and open .bash_profile, Add the following statements to the bash profile&lt;/p&gt;

&lt;div class=&quot;language-bash highlighter-rouge&quot;&gt;&lt;pre class=&quot;highlight&quot;&gt;&lt;code&gt;&lt;span class=&quot;c&quot;&gt;# Powerline configurations&lt;/span&gt;
&lt;span class=&quot;nb&quot;&gt;export &lt;/span&gt;&lt;span class=&quot;nv&quot;&gt;PATH&lt;/span&gt;&lt;span class=&quot;o&quot;&gt;=&lt;/span&gt;&lt;span class=&quot;s2&quot;&gt;&quot;&lt;/span&gt;&lt;span class=&quot;nv&quot;&gt;$HOME&lt;/span&gt;&lt;span class=&quot;s2&quot;&gt;/.local/bin:&lt;/span&gt;&lt;span class=&quot;nv&quot;&gt;$PATH&lt;/span&gt;&lt;span class=&quot;s2&quot;&gt;&quot;&lt;/span&gt;
&lt;span class=&quot;nb&quot;&gt;export &lt;/span&gt;&lt;span class=&quot;nv&quot;&gt;POWERLINE_COMMAND&lt;/span&gt;&lt;span class=&quot;o&quot;&gt;=&lt;/span&gt;powerline
&lt;span class=&quot;nb&quot;&gt;export &lt;/span&gt;&lt;span class=&quot;nv&quot;&gt;POWERLINE_CONFIG_COMMAND&lt;/span&gt;&lt;span class=&quot;o&quot;&gt;=&lt;/span&gt;powerline-config
powerline-daemon -q
&lt;span class=&quot;nv&quot;&gt;POWERLINE_BASH_CONTINUATION&lt;/span&gt;&lt;span class=&quot;o&quot;&gt;=&lt;/span&gt;1
&lt;span class=&quot;nv&quot;&gt;POWERLINE_BASH_SELECT&lt;/span&gt;&lt;span class=&quot;o&quot;&gt;=&lt;/span&gt;1
.  /Users/lei/.local/lib/python3.5/site-packages/powerline/bindings/bash/powerline.sh
&lt;/code&gt;&lt;/pre&gt;
&lt;/div&gt;

&lt;p&gt;Note that you may have different path of powerline and python, check the
location via&lt;/p&gt;

&lt;div class=&quot;language-bash highlighter-rouge&quot;&gt;&lt;pre class=&quot;highlight&quot;&gt;&lt;code&gt;pip show powerline-status
&lt;/code&gt;&lt;/pre&gt;
&lt;/div&gt;

&lt;p&gt;The configurations relates to path are&lt;/p&gt;

&lt;div class=&quot;language-bash highlighter-rouge&quot;&gt;&lt;pre class=&quot;highlight&quot;&gt;&lt;code&gt;.  /Users/lei/.local/lib/python3.5/site-packages/powerline/bindings/bash/powerline.sh
&lt;span class=&quot;nb&quot;&gt;export &lt;/span&gt;&lt;span class=&quot;nv&quot;&gt;PATH&lt;/span&gt;&lt;span class=&quot;o&quot;&gt;=&lt;/span&gt;&lt;span class=&quot;s2&quot;&gt;&quot;&lt;/span&gt;&lt;span class=&quot;nv&quot;&gt;$HOME&lt;/span&gt;&lt;span class=&quot;s2&quot;&gt;/.local/bin:&lt;/span&gt;&lt;span class=&quot;nv&quot;&gt;$PATH&lt;/span&gt;&lt;span class=&quot;s2&quot;&gt;&quot;&lt;/span&gt;

&lt;/code&gt;&lt;/pre&gt;
&lt;/div&gt;

&lt;p&gt;If you met powerline-config not found problem, this statement will save
your life. This problem blocked me when I configured mine. Finally I
found the solution from &lt;a href=&quot;https://github.com/powerline/powerline/issues/850&quot;&gt;here&lt;/a&gt;.&lt;/p&gt;

&lt;div class=&quot;language-bash highlighter-rouge&quot;&gt;&lt;pre class=&quot;highlight&quot;&gt;&lt;code&gt;&lt;span class=&quot;nb&quot;&gt;export &lt;/span&gt;&lt;span class=&quot;nv&quot;&gt;POWERLINE_CONFIG_COMMAND&lt;/span&gt;&lt;span class=&quot;o&quot;&gt;=&lt;/span&gt;powerline-config
&lt;/code&gt;&lt;/pre&gt;
&lt;/div&gt;

&lt;h3 id=&quot;install-the-powerline-font&quot;&gt;4. Install the Powerline font&lt;/h3&gt;
&lt;p&gt;Follow the &lt;a href=&quot;https://github.com/powerline/fonts&quot;&gt;guide&lt;/a&gt;, it’s a easy step.&lt;/p&gt;

&lt;h3 id=&quot;configure-vimrc&quot;&gt;5. Configure .Vimrc&lt;/h3&gt;

&lt;p&gt;Copy the following part to .vimrc (if you don’t have one, create it at
home directory)&lt;/p&gt;

&lt;div class=&quot;language-bash highlighter-rouge&quot;&gt;&lt;pre class=&quot;highlight&quot;&gt;&lt;code&gt;&lt;span class=&quot;nb&quot;&gt;set
&lt;/span&gt;rtp+&lt;span class=&quot;o&quot;&gt;=&lt;/span&gt;/Users/lei/.local/lib/python3.5/site-packages/powerline/bindings/vim

&lt;span class=&quot;nb&quot;&gt;set &lt;/span&gt;nocompatible
&lt;span class=&quot;nb&quot;&gt;set &lt;/span&gt;&lt;span class=&quot;nv&quot;&gt;t_Co&lt;/span&gt;&lt;span class=&quot;o&quot;&gt;=&lt;/span&gt;256
 
&lt;span class=&quot;s2&quot;&gt;&quot; let g:minBufExplForceSyntaxEnable = 1
&quot;&lt;/span&gt; from powerline.vim import setup as powerline_setup
&lt;span class=&quot;s2&quot;&gt;&quot; python powerline_setup()
&quot;&lt;/span&gt; python del powerline_setup
 
&lt;span class=&quot;nb&quot;&gt;set &lt;/span&gt;&lt;span class=&quot;nv&quot;&gt;laststatus&lt;/span&gt;&lt;span class=&quot;o&quot;&gt;=&lt;/span&gt;2 &lt;span class=&quot;s2&quot;&gt;&quot; Always display the statusline in all windows
set guifont=Inconsolata&lt;/span&gt;&lt;span class=&quot;se&quot;&gt;\ &lt;/span&gt;&lt;span class=&quot;s2&quot;&gt;for&lt;/span&gt;&lt;span class=&quot;se&quot;&gt;\ &lt;/span&gt;&lt;span class=&quot;s2&quot;&gt;Powerline:h14
set noshowmode &quot;&lt;/span&gt; Hide the default mode text &lt;span class=&quot;o&quot;&gt;(&lt;/span&gt;e.g. -- INSERT -- below the
statusline&lt;span class=&quot;o&quot;&gt;)&lt;/span&gt;
&lt;/code&gt;&lt;/pre&gt;
&lt;/div&gt;

&lt;p&gt;You may find more configurations about vim from &lt;a href=&quot;https://github.com/Ray-Young/dotvim/blob/master/vimrc&quot;&gt;here&lt;/a&gt; (Node it’s not
related with Powerline, but will make your vim operations more
convenient)&lt;/p&gt;

&lt;p&gt;Another &lt;a href=&quot;http://stackoverflow.com/questions/13978654/export-path-in-profile-on-mac&quot;&gt;system path&lt;/a&gt; knowledge may help better understand the above
configurations.&lt;/p&gt;

&lt;p&gt;Restart terminal and enjoy :)&lt;/p&gt;

&lt;p&gt;Result Demo:
&lt;img src=&quot;/assets/powerline/demo.png&quot; alt=&quot;result_demo&quot; /&gt;&lt;/p&gt;

</description>
        <pubDate>Sun, 15 Jan 2017 00:00:00 -0500</pubDate>
        <link>http://www.leiyangblog.com/2017/01/15/Build_Powerline_on_Mac/</link>
        <guid isPermaLink="true">http://www.leiyangblog.com/2017/01/15/Build_Powerline_on_Mac/</guid>
        
        <category>Powerline</category>
        
        <category>Environment</category>
        
        <category>OS Sierra</category>
        
        
      </item>
    
      <item>
        <title>Keep Fighting</title>
        <description>&lt;p&gt;It has been four months since I came to Boston. Yesterday just finished the finals for this semester.&lt;/p&gt;

&lt;p&gt;Just made Tofu soup for lunch with sauce bought from H-Mart. I used to believe Kaju Tofu Soup (One of the best Korea Tofu Soup in Boston) is the best Korea Tofu Soup in Boston, but now I see, with good sauce we can also make it by myself, and is really really cheap!&lt;/p&gt;

&lt;p&gt;I Spent lots of money on eat in the four months. I used to recognize myself care little about food, but after months shity food cooked by myself, totally gave in. Then after 2 months eating outside, totally get poor.&lt;/p&gt;

&lt;p&gt;Every time I spent another bill on eating, I said to myself, “well, I will make the money back”… But it seems a mock now. Not successful in the last job hunting, spend so much time and efforts, but still no good result. Too much darkness, where is the light T_T.&lt;/p&gt;

</description>
        <pubDate>Sun, 18 Dec 2016 00:00:00 -0500</pubDate>
        <link>http://www.leiyangblog.com/2016/12/18/Keep-Fighting/</link>
        <guid isPermaLink="true">http://www.leiyangblog.com/2016/12/18/Keep-Fighting/</guid>
        
        <category>Personal</category>
        
        
      </item>
    
      <item>
        <title>TfIdf-Vectorize long text in Python with Sklearn</title>
        <description>&lt;h3 id=&quot;introduction&quot;&gt;Introduction&lt;/h3&gt;
&lt;p&gt;It is a common topic in Data Science and Machine Learning to transfer human
language into machine language. A popular solution is using vectorizing 
techiniques (Convert into 0-1 array).&lt;/p&gt;

&lt;p&gt;Recently I am learning Data Science and Machine Learning, here are my experience of TfidfVectorizer.&lt;/p&gt;

&lt;p&gt;In Python, there are two common ways to vectorize using &lt;a href=&quot;http://scikit-learn.org/stable/&quot;&gt;sklearn&lt;/a&gt;. 
Tfidf and Counting vectorizing.&lt;/p&gt;

&lt;p&gt;Count vectorizing is pretty simple, here we will emphasize on TfIdf.&lt;/p&gt;

&lt;h3 id=&quot;tfidfvectorizer&quot;&gt;TfIdfVectorizer&lt;/h3&gt;
&lt;p&gt;TfIdf is the abbreviation for term frequency * inverse document frequency.&lt;/p&gt;

&lt;p&gt;Here is an official explaination for Tfidf&lt;/p&gt;

&lt;p&gt;The idea is that rare words are more informative than common words.  (This has connections to information theory).&lt;/p&gt;

&lt;p&gt;Hence, the definition of tf-idf is as follows.
First:
&lt;img src=&quot;/assets/tfidf/tfidf1.png&quot; alt=&quot;tfidf1&quot; /&gt;&lt;/p&gt;

&lt;p&gt;Next, if N is the total number of documents in the corpus D then:
&lt;img src=&quot;/assets/tfidf/tfidf2.png&quot; alt=&quot;tfidf2&quot; /&gt;&lt;/p&gt;

&lt;p&gt;where the denominator is the number of documents in which the term t appears.
And finally:&lt;/p&gt;

&lt;p&gt;&lt;img src=&quot;/assets/tfidf/tfidf3.png&quot; alt=&quot;tfidf3&quot; /&gt;&lt;/p&gt;

&lt;h3 id=&quot;example&quot;&gt;Example&lt;/h3&gt;

&lt;div class=&quot;language-python highlighter-rouge&quot;&gt;&lt;pre class=&quot;highlight&quot;&gt;&lt;code&gt;&lt;span class=&quot;kn&quot;&gt;from&lt;/span&gt; &lt;span class=&quot;nn&quot;&gt;sklearn.feature_extraction.text&lt;/span&gt; &lt;span class=&quot;kn&quot;&gt;import&lt;/span&gt; &lt;span class=&quot;n&quot;&gt;TfidfVectorizer&lt;/span&gt;

&lt;span class=&quot;n&quot;&gt;vectorizer&lt;/span&gt; &lt;span class=&quot;o&quot;&gt;=&lt;/span&gt; &lt;span class=&quot;n&quot;&gt;TfidfVectorizer&lt;/span&gt;&lt;span class=&quot;p&quot;&gt;(&lt;/span&gt;&lt;span class=&quot;n&quot;&gt;min_df&lt;/span&gt; &lt;span class=&quot;o&quot;&gt;=&lt;/span&gt; &lt;span class=&quot;mi&quot;&gt;1&lt;/span&gt;&lt;span class=&quot;p&quot;&gt;)&lt;/span&gt;
&lt;span class=&quot;n&quot;&gt;D&lt;/span&gt; &lt;span class=&quot;o&quot;&gt;=&lt;/span&gt; &lt;span class=&quot;n&quot;&gt;vectorizer&lt;/span&gt;&lt;span class=&quot;o&quot;&gt;.&lt;/span&gt;&lt;span class=&quot;n&quot;&gt;fit_transform&lt;/span&gt;&lt;span class=&quot;p&quot;&gt;(&lt;/span&gt;&lt;span class=&quot;n&quot;&gt;str_list&lt;/span&gt;&lt;span class=&quot;p&quot;&gt;)&lt;/span&gt;
&lt;/code&gt;&lt;/pre&gt;
&lt;/div&gt;

&lt;p&gt;min_df is the minimum occurrence time, we can also set a series of parameters like max occurrence, etc. You can refer &lt;a href=&quot;http://scikit-learn.org/stable/modules/feature_extraction.html&quot;&gt;TfIdf Official Doc&lt;/a&gt; for more reference.&lt;/p&gt;

&lt;p&gt;The above code is the simpliest code to vectorize a document.
Where str_list is a series of string. For example&lt;/p&gt;

&lt;div class=&quot;language-python highlighter-rouge&quot;&gt;&lt;pre class=&quot;highlight&quot;&gt;&lt;code&gt;&lt;span class=&quot;n&quot;&gt;str_list&lt;/span&gt; &lt;span class=&quot;o&quot;&gt;=&lt;/span&gt; &lt;span class=&quot;p&quot;&gt;[&lt;/span&gt;&lt;span class=&quot;s&quot;&gt;'I am study data science'&lt;/span&gt;&lt;span class=&quot;p&quot;&gt;,&lt;/span&gt; &lt;span class=&quot;s&quot;&gt;'I am study machine learning'&lt;/span&gt;&lt;span class=&quot;p&quot;&gt;]&lt;/span&gt;
&lt;/code&gt;&lt;/pre&gt;
&lt;/div&gt;

&lt;p&gt;In this case, Document is I am study data science and I am study machine learning.&lt;/p&gt;

&lt;div class=&quot;language-python highlighter-rouge&quot;&gt;&lt;pre class=&quot;highlight&quot;&gt;&lt;code&gt;&lt;span class=&quot;n&quot;&gt;D&lt;/span&gt;&lt;span class=&quot;o&quot;&gt;.&lt;/span&gt;&lt;span class=&quot;n&quot;&gt;toarray&lt;/span&gt;&lt;span class=&quot;p&quot;&gt;()&lt;/span&gt;
&lt;/code&gt;&lt;/pre&gt;
&lt;/div&gt;

&lt;p&gt;Transfer D to an array, it is a m * n array. m is the longest string’s length. n is number of strings.
For element D[i, j], i represents row, which is also the corresponding text, j represents column, which is also the corresponding term. It’s rescale from 0 to 1, so it’s pretty hard to tell what’s the difference.&lt;/p&gt;

&lt;p&gt;But if we use D times DT&lt;/p&gt;

&lt;div class=&quot;language-python highlighter-rouge&quot;&gt;&lt;pre class=&quot;highlight&quot;&gt;&lt;code&gt;&lt;span class=&quot;n&quot;&gt;X&lt;/span&gt; &lt;span class=&quot;o&quot;&gt;=&lt;/span&gt; &lt;span class=&quot;n&quot;&gt;D&lt;/span&gt;&lt;span class=&quot;o&quot;&gt;*&lt;/span&gt;&lt;span class=&quot;n&quot;&gt;D&lt;/span&gt;&lt;span class=&quot;o&quot;&gt;.&lt;/span&gt;&lt;span class=&quot;n&quot;&gt;T&lt;/span&gt;
&lt;/code&gt;&lt;/pre&gt;
&lt;/div&gt;

&lt;p&gt;We get a 2 * 2 array, which is the cosine distance for each text. Here is the magic, now we have an array for the distance for each text. Try yourself, find the amazing~&lt;/p&gt;

&lt;p&gt;Furthermore, we can use 
&lt;code class=&quot;highlighter-rouge&quot;&gt;python
_idf
&lt;/code&gt;
 attribute to see the weight of each feature(item), use
&lt;code class=&quot;highlighter-rouge&quot;&gt;python
get_feature_name
&lt;/code&gt;&lt;/p&gt;

&lt;p&gt;to see each item and get the corresponding weight. Here the 
&lt;a href=&quot;http://scikit-learn.org/stable/modules/generated/sklearn.feature_extraction.text.TfidfVectorizer.html&quot;&gt;Official Document&lt;/a&gt; gives detailed explaination for this.&lt;/p&gt;

&lt;h3 id=&quot;resources&quot;&gt;Resources&lt;/h3&gt;
&lt;p&gt;Here is &lt;a href=&quot;http://stackoverflow.com/questions/8897593/similarity-between-two-text-documents&quot;&gt;another very good explaination&lt;/a&gt; in Stackoverflow&lt;/p&gt;

&lt;p&gt;You can also see the &lt;a href=&quot;https://github.com/Ray-Young/RSS-Reader&quot;&gt;whole example&lt;/a&gt; in my github&lt;/p&gt;

</description>
        <pubDate>Fri, 28 Oct 2016 00:00:00 -0400</pubDate>
        <link>http://www.leiyangblog.com/2016/10/28/String-Vectorize-in-Python/</link>
        <guid isPermaLink="true">http://www.leiyangblog.com/2016/10/28/String-Vectorize-in-Python/</guid>
        
        <category>Python</category>
        
        <category>Data Science</category>
        
        <category>Machine Learning</category>
        
        
      </item>
    
      <item>
        <title>Parse huge XML file in Python</title>
        <description>&lt;p&gt;These days I am learning Data Science, since there are a lot of effective ways
to parse huge file in Python, today I am going to introduce a way that I 
recently learned. Here is the &lt;a href=&quot;http://effbot.org/zone/element-iterparse.htm&quot;&gt;official document&lt;/a&gt; for iterparser, while it 
doesn’t give clear examples, I will make up it.&lt;/p&gt;

&lt;p&gt;First of all, you need to import the cElementTree&lt;/p&gt;

&lt;div class=&quot;language-python highlighter-rouge&quot;&gt;&lt;pre class=&quot;highlight&quot;&gt;&lt;code&gt;&lt;span class=&quot;kn&quot;&gt;import&lt;/span&gt; &lt;span class=&quot;nn&quot;&gt;xml.etree.cElementTree&lt;/span&gt; &lt;span class=&quot;kn&quot;&gt;as&lt;/span&gt; &lt;span class=&quot;nn&quot;&gt;etree&lt;/span&gt;
&lt;/code&gt;&lt;/pre&gt;
&lt;/div&gt;

&lt;p&gt;It’s a extended package for ElementTree, the only difference seems it has the 
advanced XML parser iterparse&lt;/p&gt;

&lt;p&gt;To use it, you need two magic lines&lt;/p&gt;

&lt;div class=&quot;language-python highlighter-rouge&quot;&gt;&lt;pre class=&quot;highlight&quot;&gt;&lt;code&gt;&lt;span class=&quot;k&quot;&gt;for&lt;/span&gt; &lt;span class=&quot;n&quot;&gt;event&lt;/span&gt;&lt;span class=&quot;p&quot;&gt;,&lt;/span&gt; &lt;span class=&quot;n&quot;&gt;elem&lt;/span&gt; &lt;span class=&quot;ow&quot;&gt;in&lt;/span&gt; &lt;span class=&quot;n&quot;&gt;etree&lt;/span&gt;&lt;span class=&quot;o&quot;&gt;.&lt;/span&gt;&lt;span class=&quot;n&quot;&gt;iterparse&lt;/span&gt;&lt;span class=&quot;p&quot;&gt;(&lt;/span&gt;&lt;span class=&quot;s&quot;&gt;&quot;filename&quot;&lt;/span&gt;&lt;span class=&quot;p&quot;&gt;,&lt;/span&gt; &lt;span class=&quot;n&quot;&gt;events&lt;/span&gt; &lt;span class=&quot;o&quot;&gt;=&lt;/span&gt; &lt;span class=&quot;p&quot;&gt;(&lt;/span&gt;&lt;span class=&quot;s&quot;&gt;&quot;start&quot;&lt;/span&gt;&lt;span class=&quot;p&quot;&gt;,&lt;/span&gt; &lt;span class=&quot;s&quot;&gt;&quot;end&quot;&lt;/span&gt;&lt;span class=&quot;p&quot;&gt;)):&lt;/span&gt;
    &lt;span class=&quot;k&quot;&gt;if&lt;/span&gt; &lt;span class=&quot;n&quot;&gt;event&lt;/span&gt; &lt;span class=&quot;o&quot;&gt;==&lt;/span&gt; &lt;span class=&quot;s&quot;&gt;&quot;end&quot;&lt;/span&gt; &lt;span class=&quot;ow&quot;&gt;and&lt;/span&gt; &lt;span class=&quot;n&quot;&gt;elem&lt;/span&gt;&lt;span class=&quot;o&quot;&gt;.&lt;/span&gt;&lt;span class=&quot;n&quot;&gt;tag&lt;/span&gt; &lt;span class=&quot;o&quot;&gt;==&lt;/span&gt; &lt;span class=&quot;s&quot;&gt;&quot;element_name&quot;&lt;/span&gt; &lt;span class=&quot;ow&quot;&gt;and&lt;/span&gt; &lt;span class=&quot;n&quot;&gt;other&lt;/span&gt; &lt;span class=&quot;n&quot;&gt;conditions&lt;/span&gt;&lt;span class=&quot;o&quot;&gt;...&lt;/span&gt;&lt;span class=&quot;p&quot;&gt;:&lt;/span&gt;
&lt;/code&gt;&lt;/pre&gt;
&lt;/div&gt;

&lt;p&gt;There are four events in iterparse, to simplify, we just need to events which
are start and end. Start event is the beginning we parse a XML element, and end
is the end of the element&lt;/p&gt;

&lt;p&gt;Every element we get will be saved in the elem variable, use 
&lt;code class=&quot;highlighter-rouge&quot;&gt;
elem.get(&quot;entry_name&quot;)
&lt;/code&gt;
to get the value in each entry. elem.tag is the name of the element. In 
another word, 
&lt;code class=&quot;highlighter-rouge&quot;&gt;
elem.tag
&lt;/code&gt;
is father, 
&lt;code class=&quot;highlighter-rouge&quot;&gt;
elem.get(&quot;&quot;) is child.
&lt;/code&gt;&lt;/p&gt;

&lt;p&gt;elem.tag is the name of the element. In short, if we want to build a XML file, use start event, if we want to parse a XML, use end event. Otherwise, if we want
to build and parse the XML together, use two conditional statement like&lt;/p&gt;

&lt;div class=&quot;language-python highlighter-rouge&quot;&gt;&lt;pre class=&quot;highlight&quot;&gt;&lt;code&gt;&lt;span class=&quot;k&quot;&gt;if&lt;/span&gt; &lt;span class=&quot;n&quot;&gt;event&lt;/span&gt; &lt;span class=&quot;o&quot;&gt;==&lt;/span&gt; &lt;span class=&quot;s&quot;&gt;&quot;end&quot;&lt;/span&gt;&lt;span class=&quot;o&quot;&gt;......&lt;/span&gt;
&lt;span class=&quot;o&quot;&gt;......&lt;/span&gt;
&lt;span class=&quot;k&quot;&gt;if&lt;/span&gt; &lt;span class=&quot;n&quot;&gt;event&lt;/span&gt; &lt;span class=&quot;o&quot;&gt;==&lt;/span&gt; &lt;span class=&quot;s&quot;&gt;&quot;start&quot;&lt;/span&gt;&lt;span class=&quot;o&quot;&gt;......&lt;/span&gt;
&lt;span class=&quot;o&quot;&gt;......&lt;/span&gt;
&lt;/code&gt;&lt;/pre&gt;
&lt;/div&gt;

&lt;p&gt;Finally, use&lt;/p&gt;

&lt;div class=&quot;language-python highlighter-rouge&quot;&gt;&lt;pre class=&quot;highlight&quot;&gt;&lt;code&gt;&lt;span class=&quot;n&quot;&gt;elem&lt;/span&gt;&lt;span class=&quot;o&quot;&gt;.&lt;/span&gt;&lt;span class=&quot;n&quot;&gt;clear&lt;/span&gt;&lt;span class=&quot;p&quot;&gt;()&lt;/span&gt;
&lt;/code&gt;&lt;/pre&gt;
&lt;/div&gt;

&lt;p&gt;to clear every element we parsed, thus we saved enough memory to parse the next
element.&lt;/p&gt;

&lt;p&gt;In general, iterparse is the most efficient way to parse huge XML file. The 
official says it can parse up to 40GB XML file. But make sure you have at 
least 8GB memory for your computer because it need OS need at least 4GB to 
place the tmp files.&lt;/p&gt;

&lt;p&gt;You can get a &lt;a href=&quot;https://github.com/Ray-Young/RSS-Reader/blob/master/src/python/ParseHugeXML.py&quot;&gt;real program&lt;/a&gt; from my github&lt;/p&gt;

</description>
        <pubDate>Fri, 07 Oct 2016 00:00:00 -0400</pubDate>
        <link>http://www.leiyangblog.com/2016/10/07/Parse-huge-XML-file-in-Python/</link>
        <guid isPermaLink="true">http://www.leiyangblog.com/2016/10/07/Parse-huge-XML-file-in-Python/</guid>
        
        <category>Python</category>
        
        <category>Data Science</category>
        
        
      </item>
    
      <item>
        <title>Dreamless Sleep</title>
        <description>&lt;p&gt;I used to have sleep troubles. Neither insomnia or so many dreams in the night
and wake up for hundreds of time.&lt;/p&gt;

&lt;p&gt;Here is what I have recently read for dreamless sleep. The guy also suffers the
same problem like me. And he said a dreamless sleep is the holy grail of sleep..
Further more, he raised some suggestions for how to have dreamless sleep. I 
paste his article here. The original link is [this][1]. Wish it helps~.&lt;/p&gt;

&lt;p&gt;Dreamless, or as some would like me to type ‘dreamless’ sleep is certainly the holy grail of sleep. I’m a hardcore insomniac and I came across your question while seeking the answer to it myself. Whether its truly dreamless (ie: the deepest portion of the sleep cycle) or that you simply have lower recall, doesn’t really matter.&lt;/p&gt;

&lt;p&gt;It IS true that dreamless sleep is said to be the best kind and I’ve had the first-hand privilege only ONCE in my life. I fell asleep in the basement of my grandmother’s house and what seemed like two minutes later I got up. I felt really awake and refreshed so I decided to go upstairs, to my extreme surprise it was daytime, and a full 9 hours or so had passed. I was amazed. It was the greatest sleep I had ever had in my life, it was like it never happened at all.&lt;/p&gt;

&lt;p&gt;That must be what it is like to be dead, minus the waking up. That kinda sucks, hahaha. But as far as sleeping goes, no consciousness is the absolute best - or so it seemed.&lt;/p&gt;

&lt;p&gt;Anyways, to try and help answer your, and my question, I’ll tell you the circumstances that I find produce the best sleep, which I think were also present on that one magical night:&lt;/p&gt;

&lt;p&gt;1.) Get a good dose of sunlight during the day, don’t know why but it makes you sleepy.&lt;/p&gt;

&lt;p&gt;2.) Spend the energy you consume in food, in a way that is natural for you - not forced like going to the gym. You gotta be brave, and sort of act like a kid again for at least a few hours a day. Be your real self. Dance or roll around on the floor, do something silly, whatever, as long as its natural for you and spends your energy, don’t do it a few hours before bed or you’ll wind yourself up.&lt;/p&gt;

&lt;p&gt;3) Sleep in abject darkness. Darkness is an auto-signal to your brain that it is night and time to sleep. Its a non-nocturnal mammal thing, you are playing off your natural instincts. Same with lighting, try not to have bright artificial lights on an hour or two before bed, instead keep a low light.&lt;/p&gt;

&lt;p&gt;4) Only sleep when you feel tired. This is the trickiest one. You have to listen to your body and get used to its signals, so you can ‘catch the wave’. Eventually you’ll zone in and THE time your body wants to fall asleep, and if you do, you just lay down and let go and it will happen faster than usual.&lt;/p&gt;

&lt;p&gt;5) This is for dreamless sleep specifically: live an emotionally balanced life, and don’t work yourself up within a few hours of bed. Don’t think after a certain time, say two hours before bed you just turn it off. You don’t think, you don’t worry, you pretend you don’t know anything and don’t even realize a future or past exists. Become retarded. This is SO helpful and also difficult to do at first. Same goes for your body, don’t work out or spend your energy or anything an hour or two before bed, just go into lazy mode.&lt;/p&gt;

&lt;p&gt;As for emotional balance, take a neutral, or calm stance on whatever has been bothering you deep down, and throughout the day stuff too, and this is best done in the early evening or afternoon, if you can. You want to do it a good distance before you ‘go retarded’ and stop thinking because if you try to do it right before that, you may end up unable to slow down and stop your brain.&lt;/p&gt;

&lt;p&gt;Even if you stop the conscious part of your brain its already too late, your subconscious will be working things out. This is he bulk of dreams. The whole trick is to try and get your subconscious to work things out, and settle on something, before you go to sleep. If your subconscious is settled, and at peace, it doesn’t have anything to work with when you go to sleep. It’ll just work out things that are so mundane and emotionally unattached that you will either not remember them or it won’t even bother to show them to you in the form of dreams. This is exactly the state you (and I) are after.&lt;/p&gt;

&lt;p&gt;Anyways, that’s my theory, and also some of the practices that I think will help. You can try them out for yourself and if you like some of them, or some of them work, great, if nothing works but you stumble on something by yourself that does, feel free to let me know&lt;/p&gt;

</description>
        <pubDate>Fri, 23 Sep 2016 00:00:00 -0400</pubDate>
        <link>http://www.leiyangblog.com/2016/09/23/dreamless-sleep/</link>
        <guid isPermaLink="true">http://www.leiyangblog.com/2016/09/23/dreamless-sleep/</guid>
        
        <category>Personal</category>
        
        
      </item>
    
  </channel>
</rss>
